idx	fileid	tokenid	token	norm	lemma	ontoNer
0	ISW-_E_00001_SE_01_T_02_DF_01	# /home/ruppenhofer/repos/agd/sample_files/isw/iso-transcripts/ISW-_E_00001_SE_01_T_02_DF_01.xml.annotated.xml	NONE	NONE	NONE	NONE
1051	ISW-_E_00001_SE_01_T_03_DF_01	w765	nach	nach	nach	NONE
1052	ISW-_E_00001_SE_01_T_03_DF_01	w766	Palästina	Palästina	Palästina	B-GPE
1053	ISW-_E_00001_SE_01_T_03_DF_01	w767	nachher	nachher	nachher	B-TIME
1054	ISW-_E_00001_SE_01_T_03_DF_01	w768	zu	zu	zu	NONE
1055	ISW-_E_00001_SE_01_T_03_DF_01	w769	kommen	kommen	kommen	NONE
1056	ISW-_E_00001_SE_01_T_03_DF_01	.	NONE	NONE	NONE	NONE
1	ISW-_E_00001_SE_01_T_02_DF_01	NONE	NONE	NONE	NONE	NONE
2	ISW-_E_00001_SE_01_T_02_DF_01	REST	NONE	NONE	NONE	NONE
3	ISW-_E_00001_SE_01_T_02_DF_01	((00:00:00))	NONE	NONE	NONE	NONE
4	ISW-_E_00001_SE_01_T_02_DF_01	NONE	NONE	NONE	NONE	NONE
5	ISW-_E_00001_SE_01_T_02_DF_01	IR	NONE	NONE	NONE	NONE
6	ISW-_E_00001_SE_01_T_02_DF_01	w1	Also	Also	also	NONE
7	ISW-_E_00001_SE_01_T_02_DF_01	,	NONE	NONE	NONE	NONE
8	ISW-_E_00001_SE_01_T_02_DF_01	w2	Sie	Sie	Sie	NONE
9	ISW-_E_00001_SE_01_T_02_DF_01	w3	haben	haben	haben	NONE
10	ISW-_E_00001_SE_01_T_02_DF_01	w4	uns	uns	wir	NONE
11	ISW-_E_00001_SE_01_T_02_DF_01	w5	ja	ja	ja	NONE
12	ISW-_E_00001_SE_01_T_02_DF_01	w6	jetzt	jetzt	jetzt	B-TIME
13	ISW-_E_00001_SE_01_T_02_DF_01	w7	schon	schon	schon	NONE
14	ISW-_E_00001_SE_01_T_02_DF_01	w8	sehr	sehr	sehr	NONE
15	ISW-_E_00001_SE_01_T_02_DF_01	(-)	NONE	NONE	NONE	NONE
16	ISW-_E_00001_SE_01_T_02_DF_01	w9	viel	viel	viele	NONE
17	ISW-_E_00001_SE_01_T_02_DF_01	w10	Interessantes	Interessantes	Interessante	NONE
18	ISW-_E_00001_SE_01_T_02_DF_01	w11	erzählt	erzählt	erzählen	NONE
19	ISW-_E_00001_SE_01_T_02_DF_01	w12	und	und	und	NONE
20	ISW-_E_00001_SE_01_T_02_DF_01	(-)	NONE	NONE	NONE	NONE
21	ISW-_E_00001_SE_01_T_02_DF_01	w13	von	von	von	NONE
22	ISW-_E_00001_SE_01_T_02_DF_01	w14	Ihrer	Ihrer	ihr	NONE
23	ISW-_E_00001_SE_01_T_02_DF_01	w15	Jugendzeit	Jugendzeit	Jugendzeit	B-DUR
24	ISW-_E_00001_SE_01_T_02_DF_01	w16	in	in	in	NONE
25	ISW-_E_00001_SE_01_T_02_DF_01	w17	Wien	Wien	Wien	B-GPE
26	ISW-_E_00001_SE_01_T_02_DF_01	,	NONE	NONE	NONE	NONE
27	ISW-_E_00001_SE_01_T_02_DF_01	w18	könnten	könnten	können	NONE
28	ISW-_E_00001_SE_01_T_02_DF_01	w19	Sie	Sie	Sie	NONE
29	ISW-_E_00001_SE_01_T_02_DF_01	w20	uns	uns	wir	NONE
30	ISW-_E_00001_SE_01_T_02_DF_01	w21	da	da	da	NONE
31	ISW-_E_00001_SE_01_T_02_DF_01	w22	noch	noch	noch	B-SORD
32	ISW-_E_00001_SE_01_T_02_DF_01	w23	einmal	einmal	einmal	I-SORD
33	ISW-_E_00001_SE_01_T_02_DF_01	(-)	NONE	NONE	NONE	NONE
34	ISW-_E_00001_SE_01_T_02_DF_01	w24	ihre	ihre	ihr	NONE
35	ISW-_E_00001_SE_01_T_02_DF_01	w25	Eindrücke	Eindrücke	Eindruck	NONE
36	ISW-_E_00001_SE_01_T_02_DF_01	w26	vermitteln	vermitteln	vermitteln	NONE
37	ISW-_E_00001_SE_01_T_02_DF_01	?	NONE	NONE	NONE	NONE
38	ISW-_E_00001_SE_01_T_02_DF_01	NONE	NONE	NONE	NONE	NONE
39	ISW-_E_00001_SE_01_T_02_DF_01	MA	NONE	NONE	NONE	NONE
40	ISW-_E_00001_SE_01_T_02_DF_01	w27	Meine	Meine	mein	NONE
41	ISW-_E_00001_SE_01_T_02_DF_01	w28	Eindrücke	Eindrücke	Eindruck	NONE
42	ISW-_E_00001_SE_01_T_02_DF_01	w29	von	von	von	NONE
43	ISW-_E_00001_SE_01_T_02_DF_01	w30	Wien	Wien	Wien	B-GPE
44	ISW-_E_00001_SE_01_T_02_DF_01	w31	von	von	von	NONE
45	ISW-_E_00001_SE_01_T_02_DF_01	w32	damals	damals	damals	B-TIME
46	ISW-_E_00001_SE_01_T_02_DF_01	?	NONE	NONE	NONE	NONE
47	ISW-_E_00001_SE_01_T_02_DF_01	(3)	NONE	NONE	NONE	NONE
48	ISW-_E_00001_SE_01_T_02_DF_01	w33	Also	Also	also	NONE
49	ISW-_E_00001_SE_01_T_02_DF_01	,	NONE	NONE	NONE	NONE
50	ISW-_E_00001_SE_01_T_02_DF_01	w34	ich	ich	ich	NONE
51	ISW-_E_00001_SE_01_T_02_DF_01	(-)	NONE	NONE	NONE	NONE
52	ISW-_E_00001_SE_01_T_02_DF_01	w35	ich	ich	ich	NONE
53	ISW-_E_00001_SE_01_T_02_DF_01	w36	glaub	glaub	glauben	NONE
54	ISW-_E_00001_SE_01_T_02_DF_01	,	NONE	NONE	NONE	NONE
55	ISW-_E_00001_SE_01_T_02_DF_01	w37	ich	ich	ich	NONE
56	ISW-_E_00001_SE_01_T_02_DF_01	w38	hatte	hatte	haben	NONE
57	ISW-_E_00001_SE_01_T_02_DF_01	w39	nur	nur	nur	NONE
58	ISW-_E_00001_SE_01_T_02_DF_01	w40	gute	gute	gut	NONE
59	ISW-_E_00001_SE_01_T_02_DF_01	,	NONE	NONE	NONE	NONE
60	ISW-_E_00001_SE_01_T_02_DF_01	w41	ehrlich	ehrlich	ehrlich	NONE
61	ISW-_E_00001_SE_01_T_02_DF_01	w42	gestanden	gestanden	stehen	NONE
62	ISW-_E_00001_SE_01_T_02_DF_01	.	NONE	NONE	NONE	NONE
63	ISW-_E_00001_SE_01_T_02_DF_01	w43	Worauf	Worauf	worauf	NONE
64	ISW-_E_00001_SE_01_T_02_DF_01	w44	führ	führ	führen	NONE
65	ISW-_E_00001_SE_01_T_02_DF_01	w45	ich	ich	ich	NONE
66	ISW-_E_00001_SE_01_T_02_DF_01	w46	das	das	die	NONE
67	ISW-_E_00001_SE_01_T_02_DF_01	w47	zurück	zurück	zurück	NONE
68	ISW-_E_00001_SE_01_T_02_DF_01	?	NONE	NONE	NONE	NONE
69	ISW-_E_00001_SE_01_T_02_DF_01	w48	Ich	Ich	ich	NONE
70	ISW-_E_00001_SE_01_T_02_DF_01	w49	kann	kann	können	NONE
71	ISW-_E_00001_SE_01_T_02_DF_01	w50	mich	mich	ich	NONE
72	ISW-_E_00001_SE_01_T_02_DF_01	w51	erinnern	erinnern	erinnern	NONE
73	ISW-_E_00001_SE_01_T_02_DF_01	,	NONE	NONE	NONE	NONE
74	ISW-_E_00001_SE_01_T_02_DF_01	w52	dass	dass	dass	NONE
75	ISW-_E_00001_SE_01_T_02_DF_01	w53	man	man	man	NONE
76	ISW-_E_00001_SE_01_T_02_DF_01	w54	mich	mich	ich	NONE
77	ISW-_E_00001_SE_01_T_02_DF_01	w55	gefragt	gefragt	fragen	NONE
78	ISW-_E_00001_SE_01_T_02_DF_01	w56	hat	hat	haben	NONE
79	ISW-_E_00001_SE_01_T_02_DF_01	:	NONE	NONE	NONE	NONE
80	ISW-_E_00001_SE_01_T_02_DF_01	""""""""""	NONE	NONE	NONE	NONE
81	ISW-_E_00001_SE_01_T_02_DF_01	w57	Na	Na	na	NONE
82	ISW-_E_00001_SE_01_T_02_DF_01	w58	was	was	was	NONE
83	ISW-_E_00001_SE_01_T_02_DF_01	w59	willst	willst	wollen	NONE
84	ISW-_E_00001_SE_01_T_02_DF_01	w60	denn	denn	denn	NONE
85	ISW-_E_00001_SE_01_T_02_DF_01	w61	werden	werden	werden	NONE
86	ISW-_E_00001_SE_01_T_02_DF_01	?	NONE	NONE	NONE	NONE
87	ISW-_E_00001_SE_01_T_02_DF_01	""""""""""	NONE	NONE	NONE	NONE
88	ISW-_E_00001_SE_01_T_02_DF_01	w62	Das	Das	die	NONE
89	ISW-_E_00001_SE_01_T_02_DF_01	(-)	NONE	NONE	NONE	NONE
90	ISW-_E_00001_SE_01_T_02_DF_01	w63	ist	ist	sein	NONE
91	ISW-_E_00001_SE_01_T_02_DF_01	w64	doch	doch	doch	NONE
92	ISW-_E_00001_SE_01_T_02_DF_01	w65	eine	eine	eine	NONE
93	ISW-_E_00001_SE_01_T_02_DF_01	w66	sehr	sehr	sehr	NONE
94	ISW-_E_00001_SE_01_T_02_DF_01	w67	aktuelle	aktuelle	aktuell	NONE
95	ISW-_E_00001_SE_01_T_02_DF_01	w68	Frage	Frage	Frage	NONE
96	ISW-_E_00001_SE_01_T_02_DF_01	w69	immer	immer	immer	B-FREQ
97	ISW-_E_00001_SE_01_T_02_DF_01	w70	für	für	für	NONE
98	ISW-_E_00001_SE_01_T_02_DF_01	w71	Kinder	Kinder	Kind	NONE
99	ISW-_E_00001_SE_01_T_02_DF_01	,	NONE	NONE	NONE	NONE
100	ISW-_E_00001_SE_01_T_02_DF_01	w72	und	und	und	NONE
101	ISW-_E_00001_SE_01_T_02_DF_01	w73	ich	ich	ich	NONE
102	ISW-_E_00001_SE_01_T_02_DF_01	w74	war	war	sein	NONE
103	ISW-_E_00001_SE_01_T_02_DF_01	w75	zwölf	zwölf	zwölf	B-AGE
104	ISW-_E_00001_SE_01_T_02_DF_01	(-)	NONE	NONE	NONE	NONE
105	ISW-_E_00001_SE_01_T_02_DF_01	w76	und	und	und	NONE
106	ISW-_E_00001_SE_01_T_02_DF_01	w77	ich	ich	ich	NONE
107	ISW-_E_00001_SE_01_T_02_DF_01	w78	sehe	sehe	sehen	NONE
108	ISW-_E_00001_SE_01_T_02_DF_01	w79	mich	mich	ich	NONE
109	ISW-_E_00001_SE_01_T_02_DF_01	w80	bei	bei	bei	NONE
110	ISW-_E_00001_SE_01_T_02_DF_01	w81	meiner	meiner	mein	NONE
111	ISW-_E_00001_SE_01_T_02_DF_01	w82	Tante	Tante	Tante	NONE
112	ISW-_E_00001_SE_01_T_02_DF_01	,	NONE	NONE	NONE	NONE
113	ISW-_E_00001_SE_01_T_02_DF_01	w83	die	die	die	NONE
114	ISW-_E_00001_SE_01_T_02_DF_01	w84	das	das	die	NONE
115	ISW-_E_00001_SE_01_T_02_DF_01	w85	eben	eben	eben	NONE
116	ISW-_E_00001_SE_01_T_02_DF_01	w86	auch	auch	auch	NONE
117	ISW-_E_00001_SE_01_T_02_DF_01	w87	fragt	fragt	fragen	NONE
118	ISW-_E_00001_SE_01_T_02_DF_01	,	NONE	NONE	NONE	NONE
119	ISW-_E_00001_SE_01_T_02_DF_01	w88	und	und	und	NONE
120	ISW-_E_00001_SE_01_T_02_DF_01	w89	ich	ich	ich	NONE
121	ISW-_E_00001_SE_01_T_02_DF_01	w90	sag	sag	sagen	NONE
122	ISW-_E_00001_SE_01_T_02_DF_01	:	NONE	NONE	NONE	NONE
123	ISW-_E_00001_SE_01_T_02_DF_01	""""""""""	NONE	NONE	NONE	NONE
124	ISW-_E_00001_SE_01_T_02_DF_01	w91	Jetzt	Jetzt	jetzt	B-TIME
125	ISW-_E_00001_SE_01_T_02_DF_01	w92	bin	bin	sein	NONE
126	ISW-_E_00001_SE_01_T_02_DF_01	w93	ich	ich	ich	NONE
127	ISW-_E_00001_SE_01_T_02_DF_01	w94	zwölf	zwölf	zwölf	B-AGE
128	ISW-_E_00001_SE_01_T_02_DF_01	,	NONE	NONE	NONE	NONE
129	ISW-_E_00001_SE_01_T_02_DF_01	w95	eigentlich	eigentlich	eigentlich	NONE
130	ISW-_E_00001_SE_01_T_02_DF_01	w96	würd	würd	würd	NONE
131	ISW-_E_00001_SE_01_T_02_DF_01	w97	ich	ich	ich	NONE
132	ISW-_E_00001_SE_01_T_02_DF_01	w98	ganz	ganz	ganz	NONE
133	ISW-_E_00001_SE_01_T_02_DF_01	w99	gern	gern	gern	NONE
134	ISW-_E_00001_SE_01_T_02_DF_01	w100	so	so	so	NONE
135	ISW-_E_00001_SE_01_T_02_DF_01	w101	bleiben	bleiben	bleiben	NONE
136	ISW-_E_00001_SE_01_T_02_DF_01	.	NONE	NONE	NONE	NONE
137	ISW-_E_00001_SE_01_T_02_DF_01	""""""""""	NONE	NONE	NONE	NONE
138	ISW-_E_00001_SE_01_T_02_DF_01	w102	Und	Und	und	NONE
139	ISW-_E_00001_SE_01_T_02_DF_01	w103	das	das	die	NONE
140	ISW-_E_00001_SE_01_T_02_DF_01	w104	ist	ist	sein	NONE
141	ISW-_E_00001_SE_01_T_02_DF_01	w105	eigentlich	eigentlich	eigentlich	NONE
142	ISW-_E_00001_SE_01_T_02_DF_01	/	NONE	NONE	NONE	NONE
143	ISW-_E_00001_SE_01_T_02_DF_01	w106	ich	ich	ich	NONE
144	ISW-_E_00001_SE_01_T_02_DF_01	/	NONE	NONE	NONE	NONE
145	ISW-_E_00001_SE_01_T_02_DF_01	w107	wenn	wenn	wenn	NONE
146	ISW-_E_00001_SE_01_T_02_DF_01	w108	so	so	so	NONE
147	ISW-_E_00001_SE_01_T_02_DF_01	w109	ein	ein	eine	NONE
148	ISW-_E_00001_SE_01_T_02_DF_01	w110	Kind	Kind	Kind	NONE
149	ISW-_E_00001_SE_01_T_02_DF_01	w111	sagt	sagt	sagen	NONE
150	ISW-_E_00001_SE_01_T_02_DF_01	,	NONE	NONE	NONE	NONE
151	ISW-_E_00001_SE_01_T_02_DF_01	w112	so	so	so	NONE
152	ISW-_E_00001_SE_01_T_02_DF_01	w113	was	was	was	NONE
153	ISW-_E_00001_SE_01_T_02_DF_01	,	NONE	NONE	NONE	NONE
154	ISW-_E_00001_SE_01_T_02_DF_01	w114	ohne	ohne	ohne	NONE
155	ISW-_E_00001_SE_01_T_02_DF_01	w115	sich	sich	sich	NONE
156	ISW-_E_00001_SE_01_T_02_DF_01	w116	darüber	darüber	darüber	NONE
157	ISW-_E_00001_SE_01_T_02_DF_01	w117	den	den	die	NONE
158	ISW-_E_00001_SE_01_T_02_DF_01	w118	Kopf	Kopf	Kopf	NONE
159	ISW-_E_00001_SE_01_T_02_DF_01	w119	zu	zu	zu	NONE
160	ISW-_E_00001_SE_01_T_02_DF_01	w120	zerbrechen	zerbrechen	zerbrechen	NONE
161	ISW-_E_00001_SE_01_T_02_DF_01	,	NONE	NONE	NONE	NONE
162	ISW-_E_00001_SE_01_T_02_DF_01	w121	warum	warum	warum	NONE
163	ISW-_E_00001_SE_01_T_02_DF_01	w122	sagt	sagt	sagen	NONE
164	ISW-_E_00001_SE_01_T_02_DF_01	w123	sie	sie	sie	NONE
165	ISW-_E_00001_SE_01_T_02_DF_01	=	NONE	NONE	NONE	NONE
166	ISW-_E_00001_SE_01_T_02_DF_01	w124	n	n	n	NONE
167	ISW-_E_00001_SE_01_T_02_DF_01	w125	das	das	die	NONE
168	ISW-_E_00001_SE_01_T_02_DF_01	w126	eigentlich	eigentlich	eigentlich	NONE
169	ISW-_E_00001_SE_01_T_02_DF_01	?	NONE	NONE	NONE	NONE
170	ISW-_E_00001_SE_01_T_02_DF_01	w127	Aber	Aber	aber	NONE
171	ISW-_E_00001_SE_01_T_02_DF_01	(-)	NONE	NONE	NONE	NONE
172	ISW-_E_00001_SE_01_T_02_DF_01	w128	ich	ich	ich	NONE
173	ISW-_E_00001_SE_01_T_02_DF_01	w129	kann	kann	können	NONE
174	ISW-_E_00001_SE_01_T_02_DF_01	w130	mich	mich	ich	NONE
175	ISW-_E_00001_SE_01_T_02_DF_01	w131	dran	dran	dran	NONE
176	ISW-_E_00001_SE_01_T_02_DF_01	w132	erinnern	erinnern	erinnern	NONE
177	ISW-_E_00001_SE_01_T_02_DF_01	,	NONE	NONE	NONE	NONE
178	ISW-_E_00001_SE_01_T_02_DF_01	w133	also	also	also	NONE
179	ISW-_E_00001_SE_01_T_02_DF_01	w134	muss	muss	müssen	NONE
180	ISW-_E_00001_SE_01_T_02_DF_01	w135	ich	ich	ich	NONE
181	ISW-_E_00001_SE_01_T_02_DF_01	w136	doch	doch	doch	NONE
182	ISW-_E_00001_SE_01_T_02_DF_01	w137	zufrieden	zufrieden	zufrieden	NONE
183	ISW-_E_00001_SE_01_T_02_DF_01	w138	gewesen	gewesen	sein	NONE
184	ISW-_E_00001_SE_01_T_02_DF_01	w139	sein	sein	sein	NONE
185	ISW-_E_00001_SE_01_T_02_DF_01	,	NONE	NONE	NONE	NONE
186	ISW-_E_00001_SE_01_T_02_DF_01	(--)	NONE	NONE	NONE	NONE
187	ISW-_E_00001_SE_01_T_02_DF_01	w140	sonst	sonst	sonst	NONE
188	ISW-_E_00001_SE_01_T_02_DF_01	w141	hätt	hätt	hätt	NONE
189	ISW-_E_00001_SE_01_T_02_DF_01	w142	ich	ich	ich	NONE
190	ISW-_E_00001_SE_01_T_02_DF_01	w143	das	das	die	NONE
191	ISW-_E_00001_SE_01_T_02_DF_01	w144	nicht	nicht	nicht	NONE
192	ISW-_E_00001_SE_01_T_02_DF_01	w145	gesagt	gesagt	sagen	NONE
193	ISW-_E_00001_SE_01_T_02_DF_01	.	NONE	NONE	NONE	NONE
194	ISW-_E_00001_SE_01_T_02_DF_01	w146	Und	Und	und	NONE
195	ISW-_E_00001_SE_01_T_02_DF_01	(-)	NONE	NONE	NONE	NONE
196	ISW-_E_00001_SE_01_T_02_DF_01	w147	ich	ich	ich	NONE
197	ISW-_E_00001_SE_01_T_02_DF_01	w148	bin	bin	sein	NONE
198	ISW-_E_00001_SE_01_T_02_DF_01	/	NONE	NONE	NONE	NONE
199	ISW-_E_00001_SE_01_T_02_DF_01	w149	ä	ä	ä	NONE
200	ISW-_E_00001_SE_01_T_02_DF_01	(-)	NONE	NONE	NONE	NONE
201	ISW-_E_00001_SE_01_T_02_DF_01	w150	Jetzt	Jetzt	jetzt	B-TIME
202	ISW-_E_00001_SE_01_T_02_DF_01	w151	sag	sag	sagen	NONE
203	ISW-_E_00001_SE_01_T_02_DF_01	w152	ich	ich	ich	NONE
204	ISW-_E_00001_SE_01_T_02_DF_01	w153	was	was	was	NONE
205	ISW-_E_00001_SE_01_T_02_DF_01	,	NONE	NONE	NONE	NONE
206	ISW-_E_00001_SE_01_T_02_DF_01	w154	was	was	was	NONE
207	ISW-_E_00001_SE_01_T_02_DF_01	w155	ich	ich	ich	NONE
208	ISW-_E_00001_SE_01_T_02_DF_01	w156	nicht	nicht	nicht	NONE
209	ISW-_E_00001_SE_01_T_02_DF_01	w157	sagen	sagen	sagen	NONE
210	ISW-_E_00001_SE_01_T_02_DF_01	w158	sollte	sollte	sollen	NONE
211	ISW-_E_00001_SE_01_T_02_DF_01	.	NONE	NONE	NONE	NONE
212	ISW-_E_00001_SE_01_T_02_DF_01	w159	Denn	Denn	denn	NONE
213	ISW-_E_00001_SE_01_T_02_DF_01	w160	ich	ich	ich	NONE
214	ISW-_E_00001_SE_01_T_02_DF_01	w161	bin	bin	sein	NONE
215	ISW-_E_00001_SE_01_T_02_DF_01	w162	nur	nur	nur	NONE
216	ISW-_E_00001_SE_01_T_02_DF_01	w163	in	in	in	NONE
217	ISW-_E_00001_SE_01_T_02_DF_01	w164	die	die	die	NONE
218	ISW-_E_00001_SE_01_T_02_DF_01	w165	Hauptschule	Hauptschule	Hauptschule	NONE
219	ISW-_E_00001_SE_01_T_02_DF_01	w166	gegangen	gegangen	gehen	NONE
220	ISW-_E_00001_SE_01_T_02_DF_01	.	NONE	NONE	NONE	NONE
221	ISW-_E_00001_SE_01_T_02_DF_01	w167	Es	Es	es	NONE
222	ISW-_E_00001_SE_01_T_02_DF_01	w168	hat	hat	haben	NONE
223	ISW-_E_00001_SE_01_T_02_DF_01	w169	Leute	Leute	Leute	NONE
224	ISW-_E_00001_SE_01_T_02_DF_01	w170	ja	ja	ja	NONE
225	ISW-_E_00001_SE_01_T_02_DF_01	w171	schon	schon	schon	NONE
226	ISW-_E_00001_SE_01_T_02_DF_01	w172	gegeben	gegeben	geben	NONE
227	ISW-_E_00001_SE_01_T_02_DF_01	,	NONE	NONE	NONE	NONE
228	ISW-_E_00001_SE_01_T_02_DF_01	w173	das	das	die	NONE
229	ISW-_E_00001_SE_01_T_02_DF_01	w174	brauchst	brauchst	brauchen	NONE
230	ISW-_E_00001_SE_01_T_02_DF_01	w175	doch	doch	doch	NONE
231	ISW-_E_00001_SE_01_T_02_DF_01	w176	niemand	niemand	niemand	NONE
232	ISW-_E_00001_SE_01_T_02_DF_01	w177	sagen	sagen	sagen	NONE
233	ISW-_E_00001_SE_01_T_02_DF_01	.	NONE	NONE	NONE	NONE
234	ISW-_E_00001_SE_01_T_02_DF_01	w178	Sag	Sag	sagen	NONE
235	ISW-_E_00001_SE_01_T_02_DF_01	w179	ich	ich	ich	NONE
236	ISW-_E_00001_SE_01_T_02_DF_01	,	NONE	NONE	NONE	NONE
237	ISW-_E_00001_SE_01_T_02_DF_01	""""""""""	NONE	NONE	NONE	NONE
238	ISW-_E_00001_SE_01_T_02_DF_01	w180	Aber	Aber	aber	NONE
239	ISW-_E_00001_SE_01_T_02_DF_01	w181	warum	warum	warum	NONE
240	ISW-_E_00001_SE_01_T_02_DF_01	w182	soll	soll	sollen	NONE
241	ISW-_E_00001_SE_01_T_02_DF_01	w183	ich	ich	ich	NONE
242	ISW-_E_00001_SE_01_T_02_DF_01	w184	das	das	die	NONE
243	ISW-_E_00001_SE_01_T_02_DF_01	w185	nicht	nicht	nicht	NONE
244	ISW-_E_00001_SE_01_T_02_DF_01	w186	sagen	sagen	sagen	NONE
245	ISW-_E_00001_SE_01_T_02_DF_01	?	NONE	NONE	NONE	NONE
246	ISW-_E_00001_SE_01_T_02_DF_01	""""""""""	NONE	NONE	NONE	NONE
247	ISW-_E_00001_SE_01_T_02_DF_01	(-)	NONE	NONE	NONE	NONE
248	ISW-_E_00001_SE_01_T_02_DF_01	w187	Ich	Ich	ich	NONE
249	ISW-_E_00001_SE_01_T_02_DF_01	w188	hab	hab	haben	NONE
250	ISW-_E_00001_SE_01_T_02_DF_01	w189	solche	solche	solche	NONE
251	ISW-_E_00001_SE_01_T_02_DF_01	/	NONE	NONE	NONE	NONE
252	ISW-_E_00001_SE_01_T_02_DF_01	(--)	NONE	NONE	NONE	NONE
253	ISW-_E_00001_SE_01_T_02_DF_01	w190	Ich	Ich	ich	NONE
254	ISW-_E_00001_SE_01_T_02_DF_01	w191	ich	ich	ich	NONE
255	ISW-_E_00001_SE_01_T_02_DF_01	w192	bin	bin	sein	NONE
256	ISW-_E_00001_SE_01_T_02_DF_01	w193	viel	viel	viel	NONE
257	ISW-_E_00001_SE_01_T_02_DF_01	w194	zu	zu	zu	NONE
258	ISW-_E_00001_SE_01_T_02_DF_01	w195	ehrlich	ehrlich	ehrlich	NONE
259	ISW-_E_00001_SE_01_T_02_DF_01	.	NONE	NONE	NONE	NONE
260	ISW-_E_00001_SE_01_T_02_DF_01	w196	Ja	Ja	ja	NONE
261	ISW-_E_00001_SE_01_T_02_DF_01	,	NONE	NONE	NONE	NONE
262	ISW-_E_00001_SE_01_T_02_DF_01	w197	ich	ich	ich	NONE
263	ISW-_E_00001_SE_01_T_02_DF_01	w198	bin	bin	sein	NONE
264	ISW-_E_00001_SE_01_T_02_DF_01	w199	bestimmt	bestimmt	bestimmt	NONE
265	ISW-_E_00001_SE_01_T_02_DF_01	w200	viel	viel	viel	NONE
266	ISW-_E_00001_SE_01_T_02_DF_01	w201	zu	zu	zu	NONE
267	ISW-_E_00001_SE_01_T_02_DF_01	w202	ehrlich	ehrlich	ehrlich	NONE
268	ISW-_E_00001_SE_01_T_02_DF_01	.	NONE	NONE	NONE	NONE
269	ISW-_E_00001_SE_01_T_02_DF_01	w203	Aber	Aber	aber	NONE
270	ISW-_E_00001_SE_01_T_02_DF_01	w204	ich	ich	ich	NONE
271	ISW-_E_00001_SE_01_T_02_DF_01	(-)	NONE	NONE	NONE	NONE
272	ISW-_E_00001_SE_01_T_02_DF_01	w205	bin	bin	sein	NONE
273	ISW-_E_00001_SE_01_T_02_DF_01	w206	eben	eben	eben	NONE
274	ISW-_E_00001_SE_01_T_02_DF_01	w207	viel	viel	viel	NONE
275	ISW-_E_00001_SE_01_T_02_DF_01	w208	zu	zu	zu	NONE
276	ISW-_E_00001_SE_01_T_02_DF_01	w209	ehrlich	ehrlich	ehrlich	NONE
277	ISW-_E_00001_SE_01_T_02_DF_01	,	NONE	NONE	NONE	NONE
278	ISW-_E_00001_SE_01_T_02_DF_01	w210	und	und	und	NONE
279	ISW-_E_00001_SE_01_T_02_DF_01	w211	jetzt	jetzt	jetzt	B-TIME
280	ISW-_E_00001_SE_01_T_02_DF_01	w212	bin	bin	sein	NONE
281	ISW-_E_00001_SE_01_T_02_DF_01	w213	ich	ich	ich	NONE
282	ISW-_E_00001_SE_01_T_02_DF_01	w214	alte	alte	alt	NONE
283	ISW-_E_00001_SE_01_T_02_DF_01	w215	Frau	Frau	Frau	NONE
284	ISW-_E_00001_SE_01_T_02_DF_01	w216	und	und	und	NONE
285	ISW-_E_00001_SE_01_T_02_DF_01	w217	da	da	da	NONE
286	ISW-_E_00001_SE_01_T_02_DF_01	w218	wer	wer	wer	NONE
287	ISW-_E_00001_SE_01_T_02_DF_01	w219	ich	ich	ich	NONE
288	ISW-_E_00001_SE_01_T_02_DF_01	w220	mich	mich	ich	NONE
289	ISW-_E_00001_SE_01_T_02_DF_01	w221	nicht	nicht	nicht	NONE
290	ISW-_E_00001_SE_01_T_02_DF_01	w222	mehr	mehr	mehr	NONE
291	ISW-_E_00001_SE_01_T_02_DF_01	w223	ändern	ändern	ändern	NONE
292	ISW-_E_00001_SE_01_T_02_DF_01	.	NONE	NONE	NONE	NONE
293	ISW-_E_00001_SE_01_T_02_DF_01	w224	Und	Und	und	NONE
294	ISW-_E_00001_SE_01_T_02_DF_01	w225	ich	ich	ich	NONE
295	ISW-_E_00001_SE_01_T_02_DF_01	w226	will	will	wollen	NONE
296	ISW-_E_00001_SE_01_T_02_DF_01	w227	mich	mich	ich	NONE
297	ISW-_E_00001_SE_01_T_02_DF_01	w228	vielleicht	vielleicht	vielleicht	NONE
298	ISW-_E_00001_SE_01_T_02_DF_01	w229	auch	auch	auch	NONE
299	ISW-_E_00001_SE_01_T_02_DF_01	w230	nicht	nicht	nicht	NONE
300	ISW-_E_00001_SE_01_T_02_DF_01	w231	ändern	ändern	ändern	NONE
301	ISW-_E_00001_SE_01_T_02_DF_01	.	NONE	NONE	NONE	NONE
302	ISW-_E_00001_SE_01_T_02_DF_01	w232	Also	Also	also	NONE
303	ISW-_E_00001_SE_01_T_02_DF_01	w233	ich	ich	ich	NONE
304	ISW-_E_00001_SE_01_T_02_DF_01	w234	bin	bin	sein	NONE
305	ISW-_E_00001_SE_01_T_02_DF_01	w235	wirklich	wirklich	wirklich	NONE
306	ISW-_E_00001_SE_01_T_02_DF_01	w236	nur	nur	nur	NONE
307	ISW-_E_00001_SE_01_T_02_DF_01	w237	in	in	in	NONE
308	ISW-_E_00001_SE_01_T_02_DF_01	w238	die	die	die	NONE
309	ISW-_E_00001_SE_01_T_02_DF_01	w239	Hauptschule	Hauptschule	Hauptschule	NONE
310	ISW-_E_00001_SE_01_T_02_DF_01	w240	gegangen	gegangen	gehen	NONE
311	ISW-_E_00001_SE_01_T_02_DF_01	,	NONE	NONE	NONE	NONE
312	ISW-_E_00001_SE_01_T_02_DF_01	w241	und	und	und	NONE
313	ISW-_E_00001_SE_01_T_02_DF_01	w242	zwar	zwar	zwar	NONE
314	ISW-_E_00001_SE_01_T_02_DF_01	w243	in	in	in	NONE
315	ISW-_E_00001_SE_01_T_02_DF_01	w244	der	der	die	NONE
316	ISW-_E_00001_SE_01_T_02_DF_01	(-)	NONE	NONE	NONE	NONE
317	ISW-_E_00001_SE_01_T_02_DF_01	w245	in	in	in	NONE
318	ISW-_E_00001_SE_01_T_02_DF_01	w246	der	der	die	NONE
319	ISW-_E_00001_SE_01_T_02_DF_01	(-)	NONE	NONE	NONE	NONE
320	ISW-_E_00001_SE_01_T_02_DF_01	w247	Schulgasse	Schulgasse	Schulgasse	B-FAC
321	ISW-_E_00001_SE_01_T_02_DF_01	.	NONE	NONE	NONE	NONE
322	ISW-_E_00001_SE_01_T_02_DF_01	w248	Die	Die	die	NONE
323	ISW-_E_00001_SE_01_T_02_DF_01	w249	Schule	Schule	Schule	NONE
324	ISW-_E_00001_SE_01_T_02_DF_01	w250	besteht	besteht	bestehen	NONE
325	ISW-_E_00001_SE_01_T_02_DF_01	w251	heute	heute	heute	B-TIME
326	ISW-_E_00001_SE_01_T_02_DF_01	w252	noch	noch	noch	NONE
327	ISW-_E_00001_SE_01_T_02_DF_01	,	NONE	NONE	NONE	NONE
328	ISW-_E_00001_SE_01_T_02_DF_01	(3)	NONE	NONE	NONE	NONE
329	ISW-_E_00001_SE_01_T_02_DF_01	w253	Sie	Sie	Sie	NONE
330	ISW-_E_00001_SE_01_T_02_DF_01	w254	kennen	kennen	kennen	NONE
331	ISW-_E_00001_SE_01_T_02_DF_01	w255	sich	sich	sich	NONE
332	ISW-_E_00001_SE_01_T_02_DF_01	w256	in	in	in	NONE
333	ISW-_E_00001_SE_01_T_02_DF_01	w257	Wien	Wien	Wien	B-GPE
334	ISW-_E_00001_SE_01_T_02_DF_01	w258	nicht	nicht	nicht	NONE
335	ISW-_E_00001_SE_01_T_02_DF_01	w259	aus	aus	aus	NONE
336	ISW-_E_00001_SE_01_T_02_DF_01	.	NONE	NONE	NONE	NONE
337	ISW-_E_00001_SE_01_T_02_DF_01	w260	Sie	Sie	Sie	NONE
338	ISW-_E_00001_SE_01_T_02_DF_01	w261	kennen	kennen	kennen	NONE
339	ISW-_E_00001_SE_01_T_02_DF_01	w262	sich	sich	sich	NONE
340	ISW-_E_00001_SE_01_T_02_DF_01	w263	in	in	in	NONE
341	ISW-_E_00001_SE_01_T_02_DF_01	w264	Wien	Wien	Wien	B-GPE
342	ISW-_E_00001_SE_01_T_02_DF_01	w265	aus	aus	aus	NONE
343	ISW-_E_00001_SE_01_T_02_DF_01	?	NONE	NONE	NONE	NONE
344	ISW-_E_00001_SE_01_T_02_DF_01	NONE	NONE	NONE	NONE	NONE
345	ISW-_E_00001_SE_01_T_02_DF_01	IR	NONE	NONE	NONE	NONE
346	ISW-_E_00001_SE_01_T_02_DF_01	w266	Mh	Mh	Mh	NONE
347	ISW-_E_00001_SE_01_T_02_DF_01	,	NONE	NONE	NONE	NONE
348	ISW-_E_00001_SE_01_T_02_DF_01	w267	ein	ein	eine	NONE
349	ISW-_E_00001_SE_01_T_02_DF_01	w268	bisschen	bisschen	bisschen	NONE
350	ISW-_E_00001_SE_01_T_02_DF_01	,	NONE	NONE	NONE	NONE
351	ISW-_E_00001_SE_01_T_02_DF_01	w269	also	also	also	NONE
352	ISW-_E_00001_SE_01_T_02_DF_01	/	NONE	NONE	NONE	NONE
353	ISW-_E_00001_SE_01_T_02_DF_01	NONE	NONE	NONE	NONE	NONE
354	ISW-_E_00001_SE_01_T_02_DF_01	MA	NONE	NONE	NONE	NONE
355	ISW-_E_00001_SE_01_T_02_DF_01	w270	Ja	Ja	ja	NONE
356	ISW-_E_00001_SE_01_T_02_DF_01	,	NONE	NONE	NONE	NONE
357	ISW-_E_00001_SE_01_T_02_DF_01	w271	ja	ja	ja	NONE
358	ISW-_E_00001_SE_01_T_02_DF_01	,	NONE	NONE	NONE	NONE
359	ISW-_E_00001_SE_01_T_02_DF_01	w272	es	es	es	NONE
360	ISW-_E_00001_SE_01_T_02_DF_01	w273	ist	ist	sein	NONE
361	ISW-_E_00001_SE_01_T_02_DF_01	w274	egal	egal	egal	NONE
362	ISW-_E_00001_SE_01_T_02_DF_01	w275	in	in	in	NONE
363	ISW-_E_00001_SE_01_T_02_DF_01	w276	welchem	welchem	welche	NONE
364	ISW-_E_00001_SE_01_T_02_DF_01	w277	Bezirk	Bezirk	Bezirk	NONE
365	ISW-_E_00001_SE_01_T_02_DF_01	,	NONE	NONE	NONE	NONE
366	ISW-_E_00001_SE_01_T_02_DF_01	w278	im	im	in	NONE
367	ISW-_E_00001_SE_01_T_02_DF_01	w279	18	18	18	B-GPE
368	ISW-_E_00001_SE_01_T_02_DF_01	.	NONE	NONE	NONE	I-GPE
369	ISW-_E_00001_SE_01_T_02_DF_01	w280	Bezirk	Bezirk	Bezirk	I-GPE
370	ISW-_E_00001_SE_01_T_02_DF_01	,	NONE	NONE	NONE	NONE
371	ISW-_E_00001_SE_01_T_02_DF_01	w281	Schulgasse	Schulgasse	Schulgasse	B-FAC
372	ISW-_E_00001_SE_01_T_02_DF_01	,	NONE	NONE	NONE	NONE
373	ISW-_E_00001_SE_01_T_02_DF_01	(--)	NONE	NONE	NONE	NONE
374	ISW-_E_00001_SE_01_T_02_DF_01	w282	ja	ja	ja	NONE
375	ISW-_E_00001_SE_01_T_02_DF_01	,	NONE	NONE	NONE	NONE
376	ISW-_E_00001_SE_01_T_02_DF_01	w283	und	und	und	NONE
377	ISW-_E_00001_SE_01_T_02_DF_01	w284	äh	äh	äh	NONE
378	ISW-_E_00001_SE_01_T_02_DF_01	(-)	NONE	NONE	NONE	NONE
379	ISW-_E_00001_SE_01_T_02_DF_01	w285	die	die	die	NONE
380	ISW-_E_00001_SE_01_T_02_DF_01	w286	Volksschule	Volksschule	Volksschule	NONE
381	ISW-_E_00001_SE_01_T_02_DF_01	w287	war	war	sein	NONE
382	ISW-_E_00001_SE_01_T_02_DF_01	w288	übrigens	übrigens	übrigens	NONE
383	ISW-_E_00001_SE_01_T_02_DF_01	w289	auch	auch	auch	NONE
384	ISW-_E_00001_SE_01_T_02_DF_01	w290	in	in	in	NONE
385	ISW-_E_00001_SE_01_T_02_DF_01	w291	der	der	die	NONE
386	ISW-_E_00001_SE_01_T_02_DF_01	w292	Schulgasse	Schulgasse	Schulgasse	B-FAC
387	ISW-_E_00001_SE_01_T_02_DF_01	,	NONE	NONE	NONE	NONE
388	ISW-_E_00001_SE_01_T_02_DF_01	w293	aber	aber	aber	NONE
389	ISW-_E_00001_SE_01_T_02_DF_01	(-)	NONE	NONE	NONE	NONE
390	ISW-_E_00001_SE_01_T_02_DF_01	w294	dieses	dieses	dies	NONE
391	ISW-_E_00001_SE_01_T_02_DF_01	w295	Haus	Haus	Haus	NONE
392	ISW-_E_00001_SE_01_T_02_DF_01	(-)	NONE	NONE	NONE	NONE
393	ISW-_E_00001_SE_01_T_02_DF_01	w296	steht	steht	stehen	NONE
394	ISW-_E_00001_SE_01_T_02_DF_01	w297	nicht	nicht	nicht	NONE
395	ISW-_E_00001_SE_01_T_02_DF_01	w298	mehr	mehr	mehr	NONE
396	ISW-_E_00001_SE_01_T_02_DF_01	.	NONE	NONE	NONE	NONE
397	ISW-_E_00001_SE_01_T_02_DF_01	w299	Aber	Aber	aber	NONE
398	ISW-_E_00001_SE_01_T_02_DF_01	w300	dies	dies	dies	NONE
399	ISW-_E_00001_SE_01_T_02_DF_01	/	NONE	NONE	NONE	NONE
400	ISW-_E_00001_SE_01_T_02_DF_01	(-)	NONE	NONE	NONE	NONE
401	ISW-_E_00001_SE_01_T_02_DF_01	w301	die	die	die	NONE
402	ISW-_E_00001_SE_01_T_02_DF_01	w302	Schule	Schule	Schule	NONE
403	ISW-_E_00001_SE_01_T_02_DF_01	w303	v	v	v	NONE
404	ISW-_E_00001_SE_01_T_02_DF_01	/	NONE	NONE	NONE	NONE
405	ISW-_E_00001_SE_01_T_02_DF_01	(-)	NONE	NONE	NONE	NONE
406	ISW-_E_00001_SE_01_T_02_DF_01	w304	in	in	in	NONE
407	ISW-_E_00001_SE_01_T_02_DF_01	w305	der	der	die	NONE
408	ISW-_E_00001_SE_01_T_02_DF_01	/	NONE	NONE	NONE	NONE
409	ISW-_E_00001_SE_01_T_02_DF_01	(-)	NONE	NONE	NONE	NONE
410	ISW-_E_00001_SE_01_T_02_DF_01	w306	Die	Die	die	NONE
411	ISW-_E_00001_SE_01_T_02_DF_01	w307	Hauptschule	Hauptschule	Hauptschule	NONE
412	ISW-_E_00001_SE_01_T_02_DF_01	w308	in	in	in	NONE
413	ISW-_E_00001_SE_01_T_02_DF_01	w309	der	der	die	NONE
414	ISW-_E_00001_SE_01_T_02_DF_01	w310	Schulgasse	Schulgasse	Schulgasse	B-ADD
415	ISW-_E_00001_SE_01_T_02_DF_01	w311	59	59	59	I-ADD
416	ISW-_E_00001_SE_01_T_02_DF_01	,	NONE	NONE	NONE	NONE
417	ISW-_E_00001_SE_01_T_02_DF_01	w312	die	die	die	NONE
418	ISW-_E_00001_SE_01_T_02_DF_01	w313	steht	steht	stehen	NONE
419	ISW-_E_00001_SE_01_T_02_DF_01	w314	sehr	sehr	sehr	NONE
420	ISW-_E_00001_SE_01_T_02_DF_01	w315	wohl	wohl	wohl	NONE
421	ISW-_E_00001_SE_01_T_02_DF_01	w316	noch	noch	noch	NONE
422	ISW-_E_00001_SE_01_T_02_DF_01	,	NONE	NONE	NONE	NONE
423	ISW-_E_00001_SE_01_T_02_DF_01	w317	und	und	und	NONE
424	ISW-_E_00001_SE_01_T_02_DF_01	w318	wir	wir	wir	NONE
425	ISW-_E_00001_SE_01_T_02_DF_01	w319	hatten	hatten	haben	NONE
426	ISW-_E_00001_SE_01_T_02_DF_01	w320	eine	eine	eine	NONE
427	ISW-_E_00001_SE_01_T_02_DF_01	w321	sehr	sehr	sehr	NONE
428	ISW-_E_00001_SE_01_T_02_DF_01	w322	gute	gute	gut	NONE
429	ISW-_E_00001_SE_01_T_02_DF_01	/	NONE	NONE	NONE	NONE
430	ISW-_E_00001_SE_01_T_02_DF_01	(-)	NONE	NONE	NONE	NONE
431	ISW-_E_00001_SE_01_T_02_DF_01	w323	einen	einen	eine	NONE
432	ISW-_E_00001_SE_01_T_02_DF_01	w324	sehr	sehr	sehr	NONE
433	ISW-_E_00001_SE_01_T_02_DF_01	w325	guten	guten	gut	NONE
434	ISW-_E_00001_SE_01_T_02_DF_01	w326	Klassenvorstand	Klassenvorstand	Klassenvorstand	NONE
435	ISW-_E_00001_SE_01_T_02_DF_01	,	NONE	NONE	NONE	NONE
436	ISW-_E_00001_SE_01_T_02_DF_01	w327	und	und	und	NONE
437	ISW-_E_00001_SE_01_T_02_DF_01	w328	zwar	zwar	zwar	NONE
438	ISW-_E_00001_SE_01_T_02_DF_01	w329	die	die	die	NONE
439	ISW-_E_00001_SE_01_T_02_DF_01	w330	Frau	Frau	Frau	B-TITLE
440	ISW-_E_00001_SE_01_T_02_DF_01	w331	Emma	Emma	Emma	B-PER
441	ISW-_E_00001_SE_01_T_02_DF_01	w332	Schrammek	Schrammek	Schrammek	I-PER
442	ISW-_E_00001_SE_01_T_02_DF_01	.	NONE	NONE	NONE	NONE
443	ISW-_E_00001_SE_01_T_02_DF_01	(3)	NONE	NONE	NONE	NONE
444	ISW-_E_00001_SE_01_T_02_DF_01	w333	Und	Und	und	NONE
445	ISW-_E_00001_SE_01_T_02_DF_01	w334	ich	ich	ich	NONE
446	ISW-_E_00001_SE_01_T_02_DF_01	w335	glaub	glaub	glauben	NONE
447	ISW-_E_00001_SE_01_T_02_DF_01	,	NONE	NONE	NONE	NONE
448	ISW-_E_00001_SE_01_T_02_DF_01	w336	sie	sie	sie	NONE
449	ISW-_E_00001_SE_01_T_02_DF_01	w337	hat	hat	haben	NONE
450	ISW-_E_00001_SE_01_T_02_DF_01	w338	äh	äh	äh	NONE
451	ISW-_E_00001_SE_01_T_02_DF_01	/	NONE	NONE	NONE	NONE
452	ISW-_E_00001_SE_01_T_02_DF_01	(-)	NONE	NONE	NONE	NONE
453	ISW-_E_00001_SE_01_T_02_DF_01	w339	Sie	Sie	Sie	NONE
454	ISW-_E_00001_SE_01_T_02_DF_01	w340	war	war	sein	NONE
455	ISW-_E_00001_SE_01_T_02_DF_01	w341	nicht	nicht	nicht	NONE
456	ISW-_E_00001_SE_01_T_02_DF_01	w342	antisemitisch	antisemitisch	antisemitisch	B-NRP
457	ISW-_E_00001_SE_01_T_02_DF_01	.	NONE	NONE	NONE	NONE
458	ISW-_E_00001_SE_01_T_02_DF_01	(--)	NONE	NONE	NONE	NONE
459	ISW-_E_00001_SE_01_T_02_DF_01	w343	Wir	Wir	wir	NONE
460	ISW-_E_00001_SE_01_T_02_DF_01	w344	haben	haben	haben	NONE
461	ISW-_E_00001_SE_01_T_02_DF_01	w345	es	es	es	NONE
462	ISW-_E_00001_SE_01_T_02_DF_01	w346	jedenfalls	jedenfalls	jedenfalls	NONE
463	ISW-_E_00001_SE_01_T_02_DF_01	w347	nicht	nicht	nicht	NONE
464	ISW-_E_00001_SE_01_T_02_DF_01	w348	gemerkt	gemerkt	merken	NONE
465	ISW-_E_00001_SE_01_T_02_DF_01	,	NONE	NONE	NONE	NONE
466	ISW-_E_00001_SE_01_T_02_DF_01	w349	wir	wir	wir	NONE
467	ISW-_E_00001_SE_01_T_02_DF_01	w350	waren	waren	sein	NONE
468	ISW-_E_00001_SE_01_T_02_DF_01	w351	aber	aber	aber	NONE
469	ISW-_E_00001_SE_01_T_02_DF_01	w352	nur	nur	nur	NONE
470	ISW-_E_00001_SE_01_T_02_DF_01	w353	zwei	zwei	zwei	B-CARDINAL
471	ISW-_E_00001_SE_01_T_02_DF_01	(-)	NONE	NONE	NONE	NONE
472	ISW-_E_00001_SE_01_T_02_DF_01	w354	jüdische	jüdische	jüdisch	B-NRP
473	ISW-_E_00001_SE_01_T_02_DF_01	w355	Kinder	Kinder	Kind	NONE
474	ISW-_E_00001_SE_01_T_02_DF_01	(-)	NONE	NONE	NONE	NONE
475	ISW-_E_00001_SE_01_T_02_DF_01	w356	in	in	in	NONE
476	ISW-_E_00001_SE_01_T_02_DF_01	w357	der	der	die	NONE
477	ISW-_E_00001_SE_01_T_02_DF_01	w358	Klasse	Klasse	Klasse	NONE
478	ISW-_E_00001_SE_01_T_02_DF_01	.	NONE	NONE	NONE	NONE
479	ISW-_E_00001_SE_01_T_02_DF_01	w359	Und	Und	und	NONE
480	ISW-_E_00001_SE_01_T_02_DF_01	w360	das	das	die	NONE
481	ISW-_E_00001_SE_01_T_02_DF_01	w361	ist	ist	sein	NONE
482	ISW-_E_00001_SE_01_T_02_DF_01	w362	schon	schon	schon	NONE
483	ISW-_E_00001_SE_01_T_02_DF_01	w363	irgendwie	irgendwie	irgendwie	NONE
484	ISW-_E_00001_SE_01_T_02_DF_01	w364	etwas	etwas	etwas	NONE
485	ISW-_E_00001_SE_01_T_02_DF_01	(-)	NONE	NONE	NONE	NONE
486	ISW-_E_00001_SE_01_T_02_DF_01	w365	Bedeutendes	Bedeutendes	Bedeutende	NONE
487	ISW-_E_00001_SE_01_T_02_DF_01	.	NONE	NONE	NONE	NONE
488	ISW-_E_00001_SE_01_T_02_DF_01	w366	Die	Die	die	NONE
489	ISW-_E_00001_SE_01_T_02_DF_01	w367	Juden	Juden	Jude	B-NRP
490	ISW-_E_00001_SE_01_T_02_DF_01	w368	haben	haben	haben	NONE
491	ISW-_E_00001_SE_01_T_02_DF_01	w369	ihre	ihre	ihr	NONE
492	ISW-_E_00001_SE_01_T_02_DF_01	w370	Kinder	Kinder	Kind	NONE
493	ISW-_E_00001_SE_01_T_02_DF_01	w371	nicht	nicht	nicht	NONE
494	ISW-_E_00001_SE_01_T_02_DF_01	w372	in	in	in	NONE
495	ISW-_E_00001_SE_01_T_02_DF_01	w373	die	die	die	NONE
496	ISW-_E_00001_SE_01_T_02_DF_01	w374	Volks	Volks	Volk	NONE
497	ISW-_E_00001_SE_01_T_02_DF_01	/	NONE	NONE	NONE	NONE
498	ISW-_E_00001_SE_01_T_02_DF_01	(-)	NONE	NONE	NONE	NONE
499	ISW-_E_00001_SE_01_T_02_DF_01	w375	in	in	in	NONE
500	ISW-_E_00001_SE_01_T_02_DF_01	w376	die	die	die	NONE
501	ISW-_E_00001_SE_01_T_02_DF_01	w377	Hauptschule	Hauptschule	Hauptschule	NONE
502	ISW-_E_00001_SE_01_T_02_DF_01	w378	geschickt	geschickt	schicken	NONE
503	ISW-_E_00001_SE_01_T_02_DF_01	,	NONE	NONE	NONE	NONE
504	ISW-_E_00001_SE_01_T_02_DF_01	w379	sondern	sondern	sondern	NONE
505	ISW-_E_00001_SE_01_T_02_DF_01	w380	ins	ins	in	NONE
506	ISW-_E_00001_SE_01_T_02_DF_01	w381	Gymnasium	Gymnasium	Gymnasium	NONE
507	ISW-_E_00001_SE_01_T_02_DF_01	.	NONE	NONE	NONE	NONE
508	ISW-_E_00001_SE_01_T_02_DF_01	(--)	NONE	NONE	NONE	NONE
509	ISW-_E_00001_SE_01_T_02_DF_01	w382	Alle	Alle	alle	NONE
510	ISW-_E_00001_SE_01_T_02_DF_01	.	NONE	NONE	NONE	NONE
511	ISW-_E_00001_SE_01_T_02_DF_01	w383	Alle	Alle	alle	NONE
512	ISW-_E_00001_SE_01_T_02_DF_01	w384	meine	meine	mein	NONE
513	ISW-_E_00001_SE_01_T_02_DF_01	(-)	NONE	NONE	NONE	NONE
514	ISW-_E_00001_SE_01_T_02_DF_01	w385	Freundinnen	Freundinnen	Freundin	NONE
515	ISW-_E_00001_SE_01_T_02_DF_01	,	NONE	NONE	NONE	NONE
516	ISW-_E_00001_SE_01_T_02_DF_01	w386	die	die	die	NONE
517	ISW-_E_00001_SE_01_T_02_DF_01	w387	ich	ich	ich	NONE
518	ISW-_E_00001_SE_01_T_02_DF_01	w388	außerhalb	außerhalb	außerhalb	NONE
519	ISW-_E_00001_SE_01_T_02_DF_01	w389	der	der	die	NONE
520	ISW-_E_00001_SE_01_T_02_DF_01	w390	Schule	Schule	Schule	NONE
521	ISW-_E_00001_SE_01_T_02_DF_01	w391	hatte	hatte	haben	NONE
522	ISW-_E_00001_SE_01_T_02_DF_01	,	NONE	NONE	NONE	NONE
523	ISW-_E_00001_SE_01_T_02_DF_01	w392	die	die	die	NONE
524	ISW-_E_00001_SE_01_T_02_DF_01	w393	waren	waren	sein	NONE
525	ISW-_E_00001_SE_01_T_02_DF_01	w394	im	im	in	NONE
526	ISW-_E_00001_SE_01_T_02_DF_01	w395	Gymnasium	Gymnasium	Gymnasium	NONE
527	ISW-_E_00001_SE_01_T_02_DF_01	.	NONE	NONE	NONE	NONE
528	ISW-_E_00001_SE_01_T_02_DF_01	w396	Und	Und	und	NONE
529	ISW-_E_00001_SE_01_T_02_DF_01	w397	warum	warum	warum	NONE
530	ISW-_E_00001_SE_01_T_02_DF_01	w398	man	man	man	NONE
531	ISW-_E_00001_SE_01_T_02_DF_01	w399	mich	mich	ich	NONE
532	ISW-_E_00001_SE_01_T_02_DF_01	w400	nicht	nicht	nicht	NONE
533	ISW-_E_00001_SE_01_T_02_DF_01	w401	ins	ins	in	NONE
534	ISW-_E_00001_SE_01_T_02_DF_01	w402	Gymnasium	Gymnasium	Gymnasium	NONE
535	ISW-_E_00001_SE_01_T_02_DF_01	w403	geschickt	geschickt	schicken	NONE
536	ISW-_E_00001_SE_01_T_02_DF_01	w404	hat	hat	haben	NONE
537	ISW-_E_00001_SE_01_T_02_DF_01	,	NONE	NONE	NONE	NONE
538	ISW-_E_00001_SE_01_T_02_DF_01	w405	hat	hat	haben	NONE
539	ISW-_E_00001_SE_01_T_02_DF_01	w406	verschiedene	verschiedene	verschieden	NONE
540	ISW-_E_00001_SE_01_T_02_DF_01	w407	Gründe	Gründe	Grund	NONE
541	ISW-_E_00001_SE_01_T_02_DF_01	.	NONE	NONE	NONE	NONE
542	ISW-_E_00001_SE_01_T_02_DF_01	w408	Ob	Ob	ob	NONE
543	ISW-_E_00001_SE_01_T_02_DF_01	w409	ich	ich	ich	NONE
544	ISW-_E_00001_SE_01_T_02_DF_01	w410	die	die	die	NONE
545	ISW-_E_00001_SE_01_T_02_DF_01	w411	Aufnahmsprüfung	Aufnahmsprüfung	Aufnahmsprüfung	NONE
546	ISW-_E_00001_SE_01_T_02_DF_01	w412	nicht	nicht	nicht	NONE
547	ISW-_E_00001_SE_01_T_02_DF_01	w413	bestanden	bestanden	bestehen	NONE
548	ISW-_E_00001_SE_01_T_02_DF_01	w414	hätte	hätte	haben	NONE
549	ISW-_E_00001_SE_01_T_02_DF_01	,	NONE	NONE	NONE	NONE
550	ISW-_E_00001_SE_01_T_02_DF_01	w415	das	das	die	NONE
551	ISW-_E_00001_SE_01_T_02_DF_01	w416	weiß	weiß	wissen	NONE
552	ISW-_E_00001_SE_01_T_02_DF_01	w417	ich	ich	ich	NONE
553	ISW-_E_00001_SE_01_T_02_DF_01	w418	nicht	nicht	nicht	NONE
554	ISW-_E_00001_SE_01_T_02_DF_01	,	NONE	NONE	NONE	NONE
555	ISW-_E_00001_SE_01_T_02_DF_01	w419	das	das	die	NONE
556	ISW-_E_00001_SE_01_T_02_DF_01	w420	kann	kann	können	NONE
557	ISW-_E_00001_SE_01_T_02_DF_01	w421	ich	ich	ich	NONE
558	ISW-_E_00001_SE_01_T_02_DF_01	w422	heut	heut	heuen	B-DATE
559	ISW-_E_00001_SE_01_T_02_DF_01	w423	nicht	nicht	nicht	NONE
560	ISW-_E_00001_SE_01_T_02_DF_01	w424	sagen	sagen	sagen	NONE
561	ISW-_E_00001_SE_01_T_02_DF_01	.	NONE	NONE	NONE	NONE
562	ISW-_E_00001_SE_01_T_02_DF_01	w425	Ich	Ich	ich	NONE
563	ISW-_E_00001_SE_01_T_02_DF_01	w426	hab	hab	haben	NONE
564	ISW-_E_00001_SE_01_T_02_DF_01	w427	nicht	nicht	nicht	NONE
565	ISW-_E_00001_SE_01_T_02_DF_01	w428	besonders	besonders	besonders	NONE
566	ISW-_E_00001_SE_01_T_02_DF_01	w429	gern	gern	gern	NONE
567	ISW-_E_00001_SE_01_T_02_DF_01	w430	gelernt	gelernt	lernen	NONE
568	ISW-_E_00001_SE_01_T_02_DF_01	,	NONE	NONE	NONE	NONE
569	ISW-_E_00001_SE_01_T_02_DF_01	w431	das	das	die	NONE
570	ISW-_E_00001_SE_01_T_02_DF_01	w432	weiß	weiß	wissen	NONE
571	ISW-_E_00001_SE_01_T_02_DF_01	w433	ich	ich	ich	NONE
572	ISW-_E_00001_SE_01_T_02_DF_01	.	NONE	NONE	NONE	NONE
573	ISW-_E_00001_SE_01_T_02_DF_01	w434	Aber	Aber	aber	NONE
574	ISW-_E_00001_SE_01_T_02_DF_01	(-)	NONE	NONE	NONE	NONE
575	ISW-_E_00001_SE_01_T_02_DF_01	w435	meine	meine	mein	NONE
576	ISW-_E_00001_SE_01_T_02_DF_01	w436	Eltern	Eltern	Eltern	NONE
577	ISW-_E_00001_SE_01_T_02_DF_01	w437	hatten	hatten	haben	NONE
578	ISW-_E_00001_SE_01_T_02_DF_01	w438	auch	auch	auch	NONE
579	ISW-_E_00001_SE_01_T_02_DF_01	w439	nicht	nicht	nicht	NONE
580	ISW-_E_00001_SE_01_T_02_DF_01	w440	die	die	die	NONE
581	ISW-_E_00001_SE_01_T_02_DF_01	w441	Mitteln	Mitteln	Mittel|Mitteln	NONE
582	ISW-_E_00001_SE_01_T_02_DF_01	w442	dazu	dazu	dazu	NONE
583	ISW-_E_00001_SE_01_T_02_DF_01	.	NONE	NONE	NONE	NONE
584	ISW-_E_00001_SE_01_T_02_DF_01	(-)	NONE	NONE	NONE	NONE
585	ISW-_E_00001_SE_01_T_02_DF_01	w443	Das	Das	die	NONE
586	ISW-_E_00001_SE_01_T_02_DF_01	w444	hat	hat	haben	NONE
587	ISW-_E_00001_SE_01_T_02_DF_01	w445	ja	ja	ja	NONE
588	ISW-_E_00001_SE_01_T_02_DF_01	w446	viel	viel	viele	NONE
589	ISW-_E_00001_SE_01_T_02_DF_01	w447	Geld	Geld	Geld	NONE
590	ISW-_E_00001_SE_01_T_02_DF_01	w448	gekostet	gekostet	kosten	NONE
591	ISW-_E_00001_SE_01_T_02_DF_01	.	NONE	NONE	NONE	NONE
592	ISW-_E_00001_SE_01_T_02_DF_01	w449	Und	Und	und	NONE
593	ISW-_E_00001_SE_01_T_02_DF_01	w450	dann	dann	dann	B-TIME
594	ISW-_E_00001_SE_01_T_02_DF_01	w451	hat	hat	haben	NONE
595	ISW-_E_00001_SE_01_T_02_DF_01	w452	man	man	man	NONE
596	ISW-_E_00001_SE_01_T_02_DF_01	w453	dann	dann	dann	B-TIME
597	ISW-_E_00001_SE_01_T_02_DF_01	w454	eben	eben	eben	NONE
598	ISW-_E_00001_SE_01_T_02_DF_01	w455	in	in	in	NONE
599	ISW-_E_00001_SE_01_T_02_DF_01	w456	der	der	die	NONE
600	ISW-_E_00001_SE_01_T_02_DF_01	w457	Familie	Familie	Familie	NONE
601	ISW-_E_00001_SE_01_T_02_DF_01	w458	gesagt	gesagt	sagen	NONE
602	ISW-_E_00001_SE_01_T_02_DF_01	,	NONE	NONE	NONE	NONE
